id,name,link,degrees
57219019970,Kimberley Burton,https://www.scopus.com/authid/detail.uri?authorId=57219019970,0
57216501896,Synat Keam,https://www.scopus.com/authid/detail.uri?authorId=57216501896,0
57210644282,Nicola Principe,https://www.scopus.com/authid/detail.uri?authorId=57210644282,0
57209335346,Amber Louw,https://www.scopus.com/authid/detail.uri?authorId=57209335346,0
57208166414,Mariana Lizeth Orozco Morales,https://www.scopus.com/authid/detail.uri?authorId=57208166414,0
57221013971,Linda Ye,https://www.scopus.com/authid/detail.uri?authorId=57221013971,0
57203278857,Caitlin M. Tilsed,https://www.scopus.com/authid/detail.uri?authorId=57203278857,0
57195488227,Kiarash Behrouzfar,https://www.scopus.com/authid/detail.uri?authorId=57195488227,0
57004266000,Alistair M. Cook,https://www.scopus.com/authid/detail.uri?authorId=57004266000,0
56306019600,Jamie S. Linthorne,https://www.scopus.com/authid/detail.uri?authorId=56306019600,0
55659418600,Joanne Salmons,https://www.scopus.com/authid/detail.uri?authorId=55659418600,0
53263517200,Jonathan Chee,https://www.scopus.com/authid/detail.uri?authorId=53263517200,0
36641521800,Tanya L. Butler,https://www.scopus.com/authid/detail.uri?authorId=36641521800,0
35409967700,Alison M. McDonnell,https://www.scopus.com/authid/detail.uri?authorId=35409967700,0
7402517928,Bruce W.S. Robinson,https://www.scopus.com/authid/detail.uri?authorId=7402517928,0
7401755590,Scott A. Fisher,https://www.scopus.com/authid/detail.uri?authorId=7401755590,0
7201664962,Anna K. Nowak,https://www.scopus.com/authid/detail.uri?authorId=7201664962,0
7102860769,Richard Lake,https://www.scopus.com/authid/detail.uri?authorId=7102860769,0
7003410036,Ian M. Dick,https://www.scopus.com/authid/detail.uri?authorId=7003410036,0
6603302385,Jenette Creaney,https://www.scopus.com/authid/detail.uri?authorId=6603302385,0
6603217918,Alec J. Redwood,https://www.scopus.com/authid/detail.uri?authorId=6603217918,0
6602103486,W. Joost Lesterhuis,https://www.scopus.com/authid/detail.uri?authorId=6602103486,0
57495466500,Kiarash Behrouzfar,https://www.scopus.com/authid/detail.uri?authorId=57495466500,1
57219019970,Kimberley Burton,https://www.scopus.com/authid/detail.uri?authorId=57219019970,1
6701371866,Steven E. Mutsaers,https://www.scopus.com/authid/detail.uri?authorId=6701371866,1
56249579400,Grant Morahan,https://www.scopus.com/authid/detail.uri?authorId=56249579400,1
7102860769,Richard Lake,https://www.scopus.com/authid/detail.uri?authorId=7102860769,1
7401755590,Scott A. Fisher,https://www.scopus.com/authid/detail.uri?authorId=7401755590,1
8870565000,Carolyn Peddle-McIntyre,https://www.scopus.com/authid/detail.uri?authorId=8870565000,1
7401830989,Robert U. Newton,https://www.scopus.com/authid/detail.uri?authorId=7401830989,1
56928412600,Elly Marcq,https://www.scopus.com/authid/detail.uri?authorId=56928412600,1
7201664962,Anna K. Nowak,https://www.scopus.com/authid/detail.uri?authorId=7201664962,1
57210214345,Wee Loong Chin,https://www.scopus.com/authid/detail.uri?authorId=57210214345,1
57216501896,Synat Keam,https://www.scopus.com/authid/detail.uri?authorId=57216501896,1
57004266000,Alistair M. Cook,https://www.scopus.com/authid/detail.uri?authorId=57004266000,1
57222731635,Rebecca A. D’Alonzo,https://www.scopus.com/authid/detail.uri?authorId=57222731635,1
36935977500,Suki S. Gill,https://www.scopus.com/authid/detail.uri?authorId=36935977500,1
55385672100,P. Rowshanfarzad,https://www.scopus.com/authid/detail.uri?authorId=55385672100,1
57222732358,Kelly M. MacKinnon,https://www.scopus.com/authid/detail.uri?authorId=57222732358,1
7102930487,Martin Andrew Ebert,https://www.scopus.com/authid/detail.uri?authorId=7102930487,1
55701738700,Dewi Megawati,https://www.scopus.com/authid/detail.uri?authorId=55701738700,1
57190731986,Shailesh Kumar Patel,https://www.scopus.com/authid/detail.uri?authorId=57190731986,1
55314856100,Ruchi Tiwari,https://www.scopus.com/authid/detail.uri?authorId=55314856100,1
6507396956,Kuldeep Dhama,https://www.scopus.com/authid/detail.uri?authorId=6507396956,1
55844857500,Harapan Harapan,https://www.scopus.com/authid/detail.uri?authorId=55844857500,1
57857418300,Jessica Boulter,https://www.scopus.com/authid/detail.uri?authorId=57857418300,1
57780434900,Mariana Lizeth Orozco Morales,https://www.scopus.com/authid/detail.uri?authorId=57780434900,1
57210644282,Nicola Principe,https://www.scopus.com/authid/detail.uri?authorId=57210644282,1
57203278857,Caitlin M. Tilsed,https://www.scopus.com/authid/detail.uri?authorId=57203278857,1
57219660442,Joel Kidman,https://www.scopus.com/authid/detail.uri?authorId=57219660442,1
6602103486,W. Joost Lesterhuis,https://www.scopus.com/authid/detail.uri?authorId=6602103486,1
35409967700,Alison M. McDonnell,https://www.scopus.com/authid/detail.uri?authorId=35409967700,1
53263517200,Jonathan Chee,https://www.scopus.com/authid/detail.uri?authorId=53263517200,1
56277139400,Mark W. Watson,https://www.scopus.com/authid/detail.uri?authorId=56277139400,1
6505696106,Timo Lassmann,https://www.scopus.com/authid/detail.uri?authorId=6505696106,1
7402085535,Robert A. Holt,https://www.scopus.com/authid/detail.uri?authorId=7402085535,1
57209335346,Amber Louw,https://www.scopus.com/authid/detail.uri?authorId=57209335346,1
55933597100,Chris van Vliet,https://www.scopus.com/authid/detail.uri?authorId=55933597100,1
18537457800,Joanne Peverall,https://www.scopus.com/authid/detail.uri?authorId=18537457800,1
57452732900,Shane Colkers,https://www.scopus.com/authid/detail.uri?authorId=57452732900,1
57191622569,Nathan J. Acott,https://www.scopus.com/authid/detail.uri?authorId=57191622569,1
6603302385,Jenette Creaney,https://www.scopus.com/authid/detail.uri?authorId=6603302385,1
55716164000,Y. C. Gary Lee,https://www.scopus.com/authid/detail.uri?authorId=55716164000,1
51763281400,Siaw Ming Chai,https://www.scopus.com/authid/detail.uri?authorId=51763281400,1
57210571620,Calvin Sidhu,https://www.scopus.com/authid/detail.uri?authorId=57210571620,1
55293837800,Deirdre B. Fitzgerald,https://www.scopus.com/authid/detail.uri?authorId=55293837800,1
56720253600,Hui Min Cheah,https://www.scopus.com/authid/detail.uri?authorId=56720253600,1
37562151300,Anitha A. Thomas,https://www.scopus.com/authid/detail.uri?authorId=37562151300,1
55279702000,Nathan Tobias Harvey,https://www.scopus.com/authid/detail.uri?authorId=55279702000,1
36817774100,Benjamin Andrew Wood,https://www.scopus.com/authid/detail.uri?authorId=36817774100,1
55942938900,Nima Mesbah Ardakani,https://www.scopus.com/authid/detail.uri?authorId=55942938900,1
57189716341,Corrine Wallace,https://www.scopus.com/authid/detail.uri?authorId=57189716341,1
6507396557,Benhur Amanuel,https://www.scopus.com/authid/detail.uri?authorId=6507396557,1
23768345200,Daniel D. Wong,https://www.scopus.com/authid/detail.uri?authorId=23768345200,1
57212836629,Arash Badiei,https://www.scopus.com/authid/detail.uri?authorId=57212836629,1
57209345763,Ming S. Chai,https://www.scopus.com/authid/detail.uri?authorId=57209345763,1
57208166414,Mariana Lizeth Orozco Morales,https://www.scopus.com/authid/detail.uri?authorId=57208166414,1
56076560500,Nagi M. Marsit,https://www.scopus.com/authid/detail.uri?authorId=56076560500,1
55770423100,Owen Douglas McIntosh,https://www.scopus.com/authid/detail.uri?authorId=55770423100,1
7004576862,Andrew Hopkinson,https://www.scopus.com/authid/detail.uri?authorId=7004576862,1
55212826700,Laura Elizabeth Sidney,https://www.scopus.com/authid/detail.uri?authorId=55212826700,1
57221013971,Linda Ye,https://www.scopus.com/authid/detail.uri?authorId=57221013971,1
57714346600,Mihitha Ariyapperuma,https://www.scopus.com/authid/detail.uri?authorId=57714346600,1
57226378427,Angela Jacques,https://www.scopus.com/authid/detail.uri?authorId=57226378427,1
55905357200,Tarek M. Meniawy,https://www.scopus.com/authid/detail.uri?authorId=55905357200,1
7006949863,Michael J. Millward,https://www.scopus.com/authid/detail.uri?authorId=7006949863,1
6603217918,Alec J. Redwood,https://www.scopus.com/authid/detail.uri?authorId=6603217918,1
7402517928,Bruce W.S. Robinson,https://www.scopus.com/authid/detail.uri?authorId=7402517928,1
7404414304,Carla Thomas,https://www.scopus.com/authid/detail.uri?authorId=7404414304,1
6603559867,Katrina Spilsbury,https://www.scopus.com/authid/detail.uri?authorId=6603559867,1
25637357100,Connull Leslie,https://www.scopus.com/authid/detail.uri?authorId=25637357100,1
56906457200,Shaokang Ma,https://www.scopus.com/authid/detail.uri?authorId=56906457200,1
57195488227,Kiarash Behrouzfar,https://www.scopus.com/authid/detail.uri?authorId=57195488227,1
57193854832,Mohammad Alaee,https://www.scopus.com/authid/detail.uri?authorId=57193854832,1
16679869000,Mitra Nourbakhsh,https://www.scopus.com/authid/detail.uri?authorId=16679869000,1
56541701200,Zafar Gholinejad,https://www.scopus.com/authid/detail.uri?authorId=56541701200,1
24067074800,Abolfazl Golestani,https://www.scopus.com/authid/detail.uri?authorId=24067074800,1
57773847900,Anna K. Nowak,https://www.scopus.com/authid/detail.uri?authorId=57773847900,1
57195925877,Samantha E. Bowyer,https://www.scopus.com/authid/detail.uri?authorId=57195925877,1
15756810900,Raelene Endersby,https://www.scopus.com/authid/detail.uri?authorId=15756810900,1
57210209388,Sarah J. Dart,https://www.scopus.com/authid/detail.uri?authorId=57210209388,1
57226448553,Muhammad U. Hakeem,https://www.scopus.com/authid/detail.uri?authorId=57226448553,1
55979635200,Solenn Brosseau,https://www.scopus.com/authid/detail.uri?authorId=55979635200,1
55134052300,Gérard Zalcman,https://www.scopus.com/authid/detail.uri?authorId=55134052300,1
57196055820,Wayne J. Aston,https://www.scopus.com/authid/detail.uri?authorId=57196055820,1
57196057677,Danika E. Hope,https://www.scopus.com/authid/detail.uri?authorId=57196057677,1
7005688644,Louis Boon,https://www.scopus.com/authid/detail.uri?authorId=7005688644,1
57220354884,Ian M. Dick,https://www.scopus.com/authid/detail.uri?authorId=57220354884,1
36163602300,Svetlana Ulyanchenko,https://www.scopus.com/authid/detail.uri?authorId=36163602300,1
56228407800,Kathy Emma O'Neill,https://www.scopus.com/authid/detail.uri?authorId=56228407800,1
6602214786,Tanya L. Medley,https://www.scopus.com/authid/detail.uri?authorId=6602214786,1
23018751600,Alison M. Farley,https://www.scopus.com/authid/detail.uri?authorId=23018751600,1
54586208600,Harsh Jayesh Vaidya,https://www.scopus.com/authid/detail.uri?authorId=54586208600,1
7005095967,Natalie F. Blair,https://www.scopus.com/authid/detail.uri?authorId=7005095967,1
36929342600,C. Clare Blackburn,https://www.scopus.com/authid/detail.uri?authorId=36929342600,1
56306019600,Jamie S. Linthorne,https://www.scopus.com/authid/detail.uri?authorId=56306019600,1
7402600597,Barbara Jane Chang,https://www.scopus.com/authid/detail.uri?authorId=7402600597,1
6508092610,Gavin R. Flematti,https://www.scopus.com/authid/detail.uri?authorId=6508092610,1
57206035102,Emilio L. Ghisalberti,https://www.scopus.com/authid/detail.uri?authorId=57206035102,1
16217292000,David C. Sutton,https://www.scopus.com/authid/detail.uri?authorId=16217292000,1
55659418600,Joanne Salmons,https://www.scopus.com/authid/detail.uri?authorId=55659418600,1
55217828000,Esdy N. Rozali,https://www.scopus.com/authid/detail.uri?authorId=55217828000,1
36164343900,Andrea Khong,https://www.scopus.com/authid/detail.uri?authorId=36164343900,1
42761291900,Julie A. Harken,https://www.scopus.com/authid/detail.uri?authorId=42761291900,1
57208532385,Åsa Kristina Õjlert,https://www.scopus.com/authid/detail.uri?authorId=57208532385,1
36706347400,Daniel Nebdal,https://www.scopus.com/authid/detail.uri?authorId=36706347400,1
56610287000,Igor Snapkov,https://www.scopus.com/authid/detail.uri?authorId=56610287000,1
57240891300,Vibeke Olsen,https://www.scopus.com/authid/detail.uri?authorId=57240891300,1
54997529900,Victor Greiff,https://www.scopus.com/authid/detail.uri?authorId=54997529900,1
7003281104,Åslaug Helland,https://www.scopus.com/authid/detail.uri?authorId=7003281104,1
57212540293,Eric Alves,https://www.scopus.com/authid/detail.uri?authorId=57212540293,1
56091171900,Shahama Taifour,https://www.scopus.com/authid/detail.uri?authorId=56091171900,1
7004582187,Riccardo Dolcetti,https://www.scopus.com/authid/detail.uri?authorId=7004582187,1
56245970200,S. Gaudieri,https://www.scopus.com/authid/detail.uri?authorId=56245970200,1
8664576500,Pilar Blancafort,https://www.scopus.com/authid/detail.uri?authorId=8664576500,1
16052630100,Gaurang Jhala,https://www.scopus.com/authid/detail.uri?authorId=16052630100,1
55801673300,Claudia Selck,https://www.scopus.com/authid/detail.uri?authorId=55801673300,1
57221688339,Chun Ting J. Kwong,https://www.scopus.com/authid/detail.uri?authorId=57221688339,1
56652007100,Evan G. Pappas,https://www.scopus.com/authid/detail.uri?authorId=56652007100,1
7403742053,Helen E. Thomas,https://www.scopus.com/authid/detail.uri?authorId=7403742053,1
7004641196,Thomas Kay,https://www.scopus.com/authid/detail.uri?authorId=7004641196,1
15127399300,Balasubramanian Krishnamurthy,https://www.scopus.com/authid/detail.uri?authorId=15127399300,1
54380009300,Vanessa S. Fear,https://www.scopus.com/authid/detail.uri?authorId=54380009300,1
7103200075,Catherine A. Forbes,https://www.scopus.com/authid/detail.uri?authorId=7103200075,1
55305535500,Prerak M. Trivedi,https://www.scopus.com/authid/detail.uri?authorId=55305535500,1
35077143000,Stacey L. Fynch,https://www.scopus.com/authid/detail.uri?authorId=35077143000,1
57203900774,Lucy M. Kennedy,https://www.scopus.com/authid/detail.uri?authorId=57203900774,1
7004405281,Lorraine A. O'Reilly,https://www.scopus.com/authid/detail.uri?authorId=7004405281,1
7102640217,Andreas Strasser,https://www.scopus.com/authid/detail.uri?authorId=7102640217,1
10141200500,Esteban N. Gurzov,https://www.scopus.com/authid/detail.uri?authorId=10141200500,1
35080285800,Kate L. Graham,https://www.scopus.com/authid/detail.uri?authorId=35080285800,1
56010066500,Hyun-ja Ko,https://www.scopus.com/authid/detail.uri?authorId=56010066500,1
7402351612,Robyn M. Sutherland,https://www.scopus.com/authid/detail.uri?authorId=7402351612,1
7102620102,Yifan Zhan,https://www.scopus.com/authid/detail.uri?authorId=7102620102,1
26643380000,Andrew M. Lew,https://www.scopus.com/authid/detail.uri?authorId=26643380000,1
35430984400,Ranjeny Thomas,https://www.scopus.com/authid/detail.uri?authorId=35430984400,1
6603908430,Stuart I. Mannering,https://www.scopus.com/authid/detail.uri?authorId=6603908430,1
57225061026,Yuxing Zhao,https://www.scopus.com/authid/detail.uri?authorId=57225061026,1
7102805685,Carol G. Au,https://www.scopus.com/authid/detail.uri?authorId=7102805685,1
36641521800,Tanya L. Butler,https://www.scopus.com/authid/detail.uri?authorId=36641521800,1
7005029829,Megan C. Sherwood,https://www.scopus.com/authid/detail.uri?authorId=7005029829,1
8505209800,Jonathan R. Egan,https://www.scopus.com/authid/detail.uri?authorId=8505209800,1
7006800614,Kathryn N. North,https://www.scopus.com/authid/detail.uri?authorId=7006800614,1
6603884205,David S. Winlaw,https://www.scopus.com/authid/detail.uri?authorId=6603884205,1
26658422800,Fabian G. Graf,https://www.scopus.com/authid/detail.uri?authorId=26658422800,1
25959254500,Aisling Clare McMahon,https://www.scopus.com/authid/detail.uri?authorId=25959254500,1
7403304886,Sandra T. Cooper,https://www.scopus.com/authid/detail.uri?authorId=7403304886,1
7202085501,Harriet P. Lo,https://www.scopus.com/authid/detail.uri?authorId=7202085501,1
7006304299,Alison G. Compton,https://www.scopus.com/authid/detail.uri?authorId=7006304299,1
7404472925,Baoxue Yang,https://www.scopus.com/authid/detail.uri?authorId=7404472925,1
14058877200,Yeemun Tan,https://www.scopus.com/authid/detail.uri?authorId=14058877200,1
35512397100,Edna C. Hardeman,https://www.scopus.com/authid/detail.uri?authorId=35512397100,1
35450635600,Alan S. Verkman,https://www.scopus.com/authid/detail.uri?authorId=35450635600,1
24172952100,Edward Angus Mc Kay Duckworth,https://www.scopus.com/authid/detail.uri?authorId=24172952100,1
9839314400,Lisa A. Collier,https://www.scopus.com/authid/detail.uri?authorId=9839314400,1
8624856500,Shane N. Collier,https://www.scopus.com/authid/detail.uri?authorId=8624856500,1
7003271881,Keith R. Pennypacker,https://www.scopus.com/authid/detail.uri?authorId=7003271881,1
8130052000,Dirson D. de Mesquita,https://www.scopus.com/authid/detail.uri?authorId=8130052000,1
57192411358,Martina Vendrame,https://www.scopus.com/authid/detail.uri?authorId=57192411358,1
7103404371,Jordan Cassady,https://www.scopus.com/authid/detail.uri?authorId=7103404371,1
9737216300,Jennifer D. Newcomb,https://www.scopus.com/authid/detail.uri?authorId=9737216300,1
7003453359,Tatiana Žigová,https://www.scopus.com/authid/detail.uri?authorId=7003453359,1
6507233782,Cyndy Davis Sanberg,https://www.scopus.com/authid/detail.uri?authorId=6507233782,1
36046821700,Paul R. Sanberg,https://www.scopus.com/authid/detail.uri?authorId=36046821700,1
7005458824,Alison Elizabeth Willing,https://www.scopus.com/authid/detail.uri?authorId=7005458824,1
57214644795,Cheryl A. Kassed,https://www.scopus.com/authid/detail.uri?authorId=57214644795,1
57210001642,G. W. Patton,https://www.scopus.com/authid/detail.uri?authorId=57210001642,1
57210000920,D. D. Demesquita,https://www.scopus.com/authid/detail.uri?authorId=57210000920,1
6507845366,Matthew T. Navidomskis,https://www.scopus.com/authid/detail.uri?authorId=6507845366,1
6701407305,Sylvie Mémet,https://www.scopus.com/authid/detail.uri?authorId=6701407305,1
56087774100,Alain Israël,https://www.scopus.com/authid/detail.uri?authorId=56087774100,1
7402800306,Marcia N. Gordon,https://www.scopus.com/authid/detail.uri?authorId=7402800306,1
8431831400,Dave G. Morgan,https://www.scopus.com/authid/detail.uri?authorId=8431831400,1
7102087724,Peter H. Kay,https://www.scopus.com/authid/detail.uri?authorId=7102087724,1
7101913325,Phillip F. Jacobsen,https://www.scopus.com/authid/detail.uri?authorId=7101913325,1
6601966196,Peter J. Mirtschin,https://www.scopus.com/authid/detail.uri?authorId=6601966196,1
35351518800,Byron Arthur Kakulas,https://www.scopus.com/authid/detail.uri?authorId=35351518800,1
7006523278,Paul Gerard McMenamin,https://www.scopus.com/authid/detail.uri?authorId=7006523278,1
7202699318,Jesse D. Armitage,https://www.scopus.com/authid/detail.uri?authorId=7202699318,1
57216438127,Hannah V. Newnes,https://www.scopus.com/authid/detail.uri?authorId=57216438127,1
7006356547,Anthony Bosco,https://www.scopus.com/authid/detail.uri?authorId=7006356547,1
6603204567,Jason C. Waithman,https://www.scopus.com/authid/detail.uri?authorId=6603204567,1
57216432075,Katherine M. Audsley,https://www.scopus.com/authid/detail.uri?authorId=57216432075,1
57063878900,Andrew J. Currie,https://www.scopus.com/authid/detail.uri?authorId=57063878900,1
57197409273,Matthew D. Brown,https://www.scopus.com/authid/detail.uri?authorId=57197409273,1
36143053500,Kasia Kania,https://www.scopus.com/authid/detail.uri?authorId=36143053500,1
55757112000,Ben C. Wylie,https://www.scopus.com/authid/detail.uri?authorId=55757112000,1
35172567100,Amanda L. Cleaver,https://www.scopus.com/authid/detail.uri?authorId=35172567100,1
23976706500,Amy C. Prosser,https://www.scopus.com/authid/detail.uri?authorId=23976706500,1
6602617893,Ivonne van Bruggen,https://www.scopus.com/authid/detail.uri?authorId=6602617893,1
7202722149,Gordon James Freeman,https://www.scopus.com/authid/detail.uri?authorId=7202722149,1
6701702352,Robbert G. van der Most,https://www.scopus.com/authid/detail.uri?authorId=6701702352,1
8587262100,Connie Jackaman,https://www.scopus.com/authid/detail.uri?authorId=8587262100,1
6507890270,Christine S. Bundell,https://www.scopus.com/authid/detail.uri?authorId=6507890270,1
6701566673,Beverley F. Kinnear,https://www.scopus.com/authid/detail.uri?authorId=6701566673,1
57196908558,Pierre R. Filion,https://www.scopus.com/authid/detail.uri?authorId=57196908558,1
8133836900,Deborah van Hagen,https://www.scopus.com/authid/detail.uri?authorId=8133836900,1
7404328849,Delia Jane Nelson,https://www.scopus.com/authid/detail.uri?authorId=7404328849,1
57192189954,Jonas R.M. Van Audenaerde,https://www.scopus.com/authid/detail.uri?authorId=57192189954,1
56443727700,Jorrit de Waele,https://www.scopus.com/authid/detail.uri?authorId=56443727700,1
57523262600,Céline Merlin,https://www.scopus.com/authid/detail.uri?authorId=57523262600,1
56975439800,Patrick A.A. Pauwels,https://www.scopus.com/authid/detail.uri?authorId=56975439800,1
7003587804,J. van Meerbeeck,https://www.scopus.com/authid/detail.uri?authorId=7003587804,1
17342838000,Evelien L.J.M. Smits,https://www.scopus.com/authid/detail.uri?authorId=17342838000,1
15123000400,Ro Ting Lin,https://www.scopus.com/authid/detail.uri?authorId=15123000400,1
24734336300,Matthew John Soeberg,https://www.scopus.com/authid/detail.uri?authorId=24734336300,1
24449191400,Lungchang Chien,https://www.scopus.com/authid/detail.uri?authorId=24449191400,1
35425471300,Jukka S. Takala,https://www.scopus.com/authid/detail.uri?authorId=35425471300,1
7006380073,Richard A. Lemen,https://www.scopus.com/authid/detail.uri?authorId=7006380073,1
7005928308,Tim Robert Driscoll,https://www.scopus.com/authid/detail.uri?authorId=7005928308,1
55741242600,Ken Takahashi,https://www.scopus.com/authid/detail.uri?authorId=55741242600,1
57188968763,Antonius Steven,https://www.scopus.com/authid/detail.uri?authorId=57188968763,1
56382989000,Chidozie C. Anyaegbu,https://www.scopus.com/authid/detail.uri?authorId=56382989000,1
6602507768,Kathy Fuller,https://www.scopus.com/authid/detail.uri?authorId=6602507768,1
56347990300,Devina D. Lakhiani,https://www.scopus.com/authid/detail.uri?authorId=56347990300,1
56024139000,Theresa Connor,https://www.scopus.com/authid/detail.uri?authorId=56024139000,1
15760588600,Andrea Paun,https://www.scopus.com/authid/detail.uri?authorId=15760588600,1
57191343744,Kathryn Shaw,https://www.scopus.com/authid/detail.uri?authorId=57191343744,1
6602499479,Leanne M. Sammels,https://www.scopus.com/authid/detail.uri?authorId=6602499479,1
7003900475,Manfred W. Beilharz,https://www.scopus.com/authid/detail.uri?authorId=7003900475,1
7004266666,Aleksandra Jaksic,https://www.scopus.com/authid/detail.uri?authorId=7004266666,1
57201814264,Patricia Price,https://www.scopus.com/authid/detail.uri?authorId=57201814264,1
7402168913,Wendy S.C. Cheng,https://www.scopus.com/authid/detail.uri?authorId=7402168913,1
55412305200,Marian McInerney,https://www.scopus.com/authid/detail.uri?authorId=55412305200,1
7202594947,Martyn A.H. French,https://www.scopus.com/authid/detail.uri?authorId=7202594947,1
56272877300,Silvia C. Lee,https://www.scopus.com/authid/detail.uri?authorId=56272877300,1
7003719080,James Patrick Flexman,https://www.scopus.com/authid/detail.uri?authorId=7003719080,1
7401816826,Sutapa Mukherjee,https://www.scopus.com/authid/detail.uri?authorId=7401816826,1
57212330571,Bernadette M. Scott,https://www.scopus.com/authid/detail.uri?authorId=57212330571,1
6603589533,Philip A. Stumbles,https://www.scopus.com/authid/detail.uri?authorId=6603589533,1
7006029679,Amanda L. Marzo,https://www.scopus.com/authid/detail.uri?authorId=7006029679,1
57212272233,John E. Gustafson,https://www.scopus.com/authid/detail.uri?authorId=57212272233,1
57225281852,Pierre V. Candelaria,https://www.scopus.com/authid/detail.uri?authorId=57225281852,1
57210044391,Jodie P. Goodridge,https://www.scopus.com/authid/detail.uri?authorId=57210044391,1
57210042962,Tanya M. Lichocik,https://www.scopus.com/authid/detail.uri?authorId=57210042962,1
7004065867,Tracy M. McWilliams,https://www.scopus.com/authid/detail.uri?authorId=7004065867,1
7403078251,Christopher T.D. Price,https://www.scopus.com/authid/detail.uri?authorId=7403078251,1
7005950597,Frances G. O'Brien,https://www.scopus.com/authid/detail.uri?authorId=7005950597,1
7006179271,Warren B. Grubb,https://www.scopus.com/authid/detail.uri?authorId=7006179271,1
57213027316,Kathy Zhu,https://www.scopus.com/authid/detail.uri?authorId=57213027316,1
7004400303,John P. Beilby,https://www.scopus.com/authid/detail.uri?authorId=7004400303,1
7003410036,Ian M. Dick,https://www.scopus.com/authid/detail.uri?authorId=7003410036,1
7006200551,Amanda Devine,https://www.scopus.com/authid/detail.uri?authorId=7006200551,1
36178707400,M. Soós,https://www.scopus.com/authid/detail.uri?authorId=36178707400,1
7201351183,Richard L. Prince,https://www.scopus.com/authid/detail.uri?authorId=7201351183,1
57196587792,Emily J. Payne,https://www.scopus.com/authid/detail.uri?authorId=57196587792,1
6701492654,Evan INGLEY,https://www.scopus.com/authid/detail.uri?authorId=6701492654,1
35428868100,Scott G. Wilson,https://www.scopus.com/authid/detail.uri?authorId=35428868100,1
7101620245,Charles S. Bond,https://www.scopus.com/authid/detail.uri?authorId=7101620245,1
15027205800,Benjamin H. Mullin,https://www.scopus.com/authid/detail.uri?authorId=15027205800,1
35446440500,Fakir M. Amirul Islam,https://www.scopus.com/authid/detail.uri?authorId=35446440500,1
7402132317,Deborah J. Hart,https://www.scopus.com/authid/detail.uri?authorId=7402132317,1
35351391300,Tim Spector,https://www.scopus.com/authid/detail.uri?authorId=35351391300,1
6602743665,Frank Dudbridge,https://www.scopus.com/authid/detail.uri?authorId=6602743665,1
7202603793,Graeme R.R. Tucker,https://www.scopus.com/authid/detail.uri?authorId=7202603793,1
7007031038,Andrew Viggo Metcalfe,https://www.scopus.com/authid/detail.uri?authorId=7007031038,1
7101785826,Charles E.M. Pearce,https://www.scopus.com/authid/detail.uri?authorId=7101785826,1
35918054900,Allan G. Need,https://www.scopus.com/authid/detail.uri?authorId=35918054900,1
7102699009,Borje E.Christopher Nordin,https://www.scopus.com/authid/detail.uri?authorId=7102699009,1
57527208200,Nicole Austin,https://www.scopus.com/authid/detail.uri?authorId=57527208200,1
7202146802,David G. Bruce,https://www.scopus.com/authid/detail.uri?authorId=7202146802,1
25652258600,Kun Zhu,https://www.scopus.com/authid/detail.uri?authorId=25652258600,1
55431137900,Jonathan M. Hodgson,https://www.scopus.com/authid/detail.uri?authorId=55431137900,1
24315834100,Valerie Burke,https://www.scopus.com/authid/detail.uri?authorId=24315834100,1
7402400595,Deborah A. Kerr,https://www.scopus.com/authid/detail.uri?authorId=7402400595,1
56128105600,Shona M. Papalia,https://www.scopus.com/authid/detail.uri?authorId=56128105600,1
7202436291,Alan Ridley Morton,https://www.scopus.com/authid/detail.uri?authorId=7202436291,1
7004476215,Satvinder Singh Dhaliwal,https://www.scopus.com/authid/detail.uri?authorId=7004476215,1
7007162539,Thor Ueland,https://www.scopus.com/authid/detail.uri?authorId=7007162539,1
7005151571,Jens Bollerslev,https://www.scopus.com/authid/detail.uri?authorId=7005151571,1
9041119100,M. Calautti,https://www.scopus.com/authid/detail.uri?authorId=9041119100,1
45461285700,Rakhshanda Naheed,https://www.scopus.com/authid/detail.uri?authorId=45461285700,1
7202347641,Lyle J. Palmer,https://www.scopus.com/authid/detail.uri?authorId=7202347641,1
8610161000,L. Ramesh Babu,https://www.scopus.com/authid/detail.uri?authorId=8610161000,1
57219304147,Jie Liu,https://www.scopus.com/authid/detail.uri?authorId=57219304147,1
7501881828,Juan Chen,https://www.scopus.com/authid/detail.uri?authorId=7501881828,1
55888466400,Min Xu,https://www.scopus.com/authid/detail.uri?authorId=55888466400,1
7402617220,Robert Day,https://www.scopus.com/authid/detail.uri?authorId=7402617220,1
9745774800,Drew Randall,https://www.scopus.com/authid/detail.uri?authorId=9745774800,1
57835778400,S. Li,https://www.scopus.com/authid/detail.uri?authorId=57835778400,1
6507811875,Andreas G. Marangou,https://www.scopus.com/authid/detail.uri?authorId=6507811875,1
7004558817,Simon M. Laws,https://www.scopus.com/authid/detail.uri?authorId=7004558817,1
35402269600,Ralph Nigel Martins,https://www.scopus.com/authid/detail.uri?authorId=35402269600,1
7003500877,Paul Glendenning,https://www.scopus.com/authid/detail.uri?authorId=7003500877,1
7005034685,T. Ratajczak,https://www.scopus.com/authid/detail.uri?authorId=7005034685,1
7006577603,Christine R. Draper,https://www.scopus.com/authid/detail.uri?authorId=7006577603,1
35994309200,R. Arthur Criddle,https://www.scopus.com/authid/detail.uri?authorId=35994309200,1
55624486744,Minghao Zheng,https://www.scopus.com/authid/detail.uri?authorId=55624486744,1
6603426544,Bernard Andrew Callus,https://www.scopus.com/authid/detail.uri?authorId=6603426544,1
57189453923,S. J. Heal,https://www.scopus.com/authid/detail.uri?authorId=57189453923,1
16947936100,J. Lemmon,https://www.scopus.com/authid/detail.uri?authorId=16947936100,1
16948555800,D. Randell,https://www.scopus.com/authid/detail.uri?authorId=16948555800,1
6701396968,Michael J. Edel,https://www.scopus.com/authid/detail.uri?authorId=6701396968,1
7102425692,Andrew G. Randall,https://www.scopus.com/authid/detail.uri?authorId=7102425692,1
7404679312,Graeme Bruce Martin,https://www.scopus.com/authid/detail.uri?authorId=7404679312,1
57213548944,Andrew St John,https://www.scopus.com/authid/detail.uri?authorId=57213548944,1
7004035527,Arthur Criddle,https://www.scopus.com/authid/detail.uri?authorId=7004035527,1
18734496800,Neil G. Kent,https://www.scopus.com/authid/detail.uri?authorId=18734496800,1
6602682160,Andrew G. Randell,https://www.scopus.com/authid/detail.uri?authorId=6602682160,1
7403298357,Roger Ian Price,https://www.scopus.com/authid/detail.uri?authorId=7403298357,1
7006811808,Donald H. Gutteridge,https://www.scopus.com/authid/detail.uri?authorId=7006811808,1
7004950562,Peter Garcia-Webb,https://www.scopus.com/authid/detail.uri?authorId=7004950562,1
35918610400,Andrew St John,https://www.scopus.com/authid/detail.uri?authorId=35918610400,1
7801500165,Kirsten E. Hoad,https://www.scopus.com/authid/detail.uri?authorId=7801500165,1
7004330215,Robert W. Retallack,https://www.scopus.com/authid/detail.uri?authorId=7004330215,1
7005408607,Tim A. Welborn,https://www.scopus.com/authid/detail.uri?authorId=7005408607,1
7404754688,Mark A.B. Thomas,https://www.scopus.com/authid/detail.uri?authorId=7404754688,1
36833947500,Paul R. Young,https://www.scopus.com/authid/detail.uri?authorId=36833947500,1
16445623100,R. Arthur Criddle,https://www.scopus.com/authid/detail.uri?authorId=16445623100,1
7102276896,G. Neil Kent,https://www.scopus.com/authid/detail.uri?authorId=7102276896,1
7202522012,Peter Garcia Webb,https://www.scopus.com/authid/detail.uri?authorId=7202522012,1
35388680600,Brian G. Hutchison,https://www.scopus.com/authid/detail.uri?authorId=35388680600,1
57209516351,C. P. Davies,https://www.scopus.com/authid/detail.uri?authorId=57209516351,1
36822256700,B. Mullan,https://www.scopus.com/authid/detail.uri?authorId=36822256700,1
57214415227,A. van der Schaff,https://www.scopus.com/authid/detail.uri?authorId=57214415227,1
16060985700,Margaret Smith,https://www.scopus.com/authid/detail.uri?authorId=16060985700,1
7101641680,N. Kathryn Henderson,https://www.scopus.com/authid/detail.uri?authorId=7101641680,1
7404204614,Margaret M. Harris,https://www.scopus.com/authid/detail.uri?authorId=7404204614,1
6601966735,K. J. Monk,https://www.scopus.com/authid/detail.uri?authorId=6601966735,1
57203018932,Philip J. Thompson,https://www.scopus.com/authid/detail.uri?authorId=57203018932,1
7005845652,Fiona Boyd,https://www.scopus.com/authid/detail.uri?authorId=7005845652,1
